Curve Description,Number of Periods / Points,Period,,,,,,,,,,,,,,,,,,,,,
DF Curve #0,13,Annually,1,1.718831,1.909472,2.121259,2.356535877,2.617907,3.1,3.12,3.13,3.14,3.2,3.3,3.4,,,,,,,,
DF Curve #1,16,Annually,1,0.99905,0.99812,0.99715,0.9966,0.9955,0.9866,0.98,0.97,0.96,0.95,0.9,0.9,0.9,0.9,0.9,,,,,
DF Curve #2,20,Annually,1,1.718831,1.909472,2.121259,2.356535877,2.617907,3.1,3.12,3.13,3.14,3.2,3.3,3.4,3.4,3.4,3.4,3.4,3.4,3.4,3.4,
DF Curve #3,13,Annually,1,1.718831,1.909472,2.121259,2.356535877,2.617907,3.1,3.12,3.13,3.14,3.2,3.3,3.4,,,,,,,,
DF Curve #4,11,Annually,1,1.718831,1.909472,2.121259,2.356535877,2.617907,3.1,3.12,3.13,3.14,3.2,,,,,,,,,,
DF Curve #5,21,Annually,1,1,1,1,1,1,1,1,1,1,1,1,1,1,1,1,1,1,1,1,1
